Workbook

Sheet Dashboard
A1: Monitoraggio entrate e acquisizione pazienti
A2: Studio Angelo Barone — San Donato Milanese, Cantù, Giussano
A4: Come usare questo file
A5: 1) Ogni seduta va registrata nel foglio 'Pazienti' (data, sede, tariffa, nuovo/ritorno, come ti ha trovato).
A6: 2) I fogli 'Riepilogo mensile', 'Fonti acquisizione' e 'Capacità San Donato' si aggiornano da soli.
A7: 3) Il foglio 'Routine SEO-GA4' è per la routine quindicinale (Search Console + eventi GA4).
A9: Tariffe di riferimento
A10: Sede | B10: Tariffa (€) | C10: Note
A11: San Donato | B11: 65
A12: Cantù | B12: 70
A13: Giussano | B13: 60 | C13: Quota netta 70% = 42€ (CAP Salute 30%)
A15: Riepilogo da inizio tracking
A16: Sedute registrate | B16: =COUNT(Pazienti!A2:A501) -> 0
A17: Pazienti nuovi | B17: =COUNTIF(Pazienti!E2:E501,"Nuovo") -> 0
A18: Entrate totali (€) | B18: =SUM(Pazienti!D2:D501) -> 0
A19: Canale di acquisizione più frequente | B19: =IF(SUM('Fonti acquisizione'!B2:B9)=0,"— nessun dato ancora —",INDEX('Fonti acquisizione'!A2:A9,MATCH(MAX('Fonti acquisizione'!B2:B9),'Fonti acquisizione'!B2:B9,0))) -> — nessun dato ancora —
A20: Occupazione media San Donato (su slot tracciati) | B20: =IF(COUNT('Capacità San Donato'!D2:D53)=0,"— nessun dato ancora —",AVERAGE('Capacità San Donato'!D2:D53)) -> 0
A22: Soglie costo/paziente (da resoconto, per futura campagna paid)
A23: < 100 € / paziente → molto profittevole
A24: < 120 € / paziente → attivo, sostenibile
A25: > 200 € / paziente → fermare la campagna

Sheet Pazienti
A1: Data | B1: Sede | C1: Tipo seduta | D1: Tariffa (€) | E1: Nuovo/Ritorno | F1: Come ti ha trovato | G1: Note

Sheet Fonti acquisizione
A1: Canale (pazienti NUOVI, da inizio tracking) | B1: N. pazienti | C1: % sul totale nuovi
A2: Google (ricerca) | B2: =COUNTIFS(Pazienti!$F$2:$F$501,A2,Pazienti!$E$2:$E$501,"Nuovo") -> 0 | C2: =IFERROR(B2/SUM($B$2:$B$10),0) -> 0
A3: Google Maps/GBP | B3: =COUNTIFS(Pazienti!$F$2:$F$501,A3,Pazienti!$E$2:$E$501,"Nuovo") -> 0 | C3: =IFERROR(B3/SUM($B$2:$B$10),0) -> 0
A4: Passaparola | B4: =COUNTIFS(Pazienti!$F$2:$F$501,A4,Pazienti!$E$2:$E$501,"Nuovo") -> 0 | C4: =IFERROR(B4/SUM($B$2:$B$10),0) -> 0
A5: Biglietto/QR | B5: =COUNTIFS(Pazienti!$F$2:$F$501,A5,Pazienti!$E$2:$E$501,"Nuovo") -> 0 | C5: =IFERROR(B5/SUM($B$2:$B$10),0) -> 0
A6: Recensione lasciata | B6: =COUNTIFS(Pazienti!$F$2:$F$501,A6,Pazienti!$E$2:$E$501,"Nuovo") -> 0 | C6: =IFERROR(B6/SUM($B$2:$B$10),0) -> 0
A7: Social | B7: =COUNTIFS(Pazienti!$F$2:$F$501,A7,Pazienti!$E$2:$E$501,"Nuovo") -> 0 | C7: =IFERROR(B7/SUM($B$2:$B$10),0) -> 0
A8: Farmacia | B8: =COUNTIFS(Pazienti!$F$2:$F$501,A8,Pazienti!$E$2:$E$501,"Nuovo") -> 0 | C8: =IFERROR(B8/SUM($B$2:$B$10),0) -> 0
A9: Sito web diretto | B9: =COUNTIFS(Pazienti!$F$2:$F$501,A9,Pazienti!$E$2:$E$501,"Nuovo") -> 0 | C9: =IFERROR(B9/SUM($B$2:$B$10),0) -> 0
A10: Altro/Non specificato | B10: =COUNTIFS(Pazienti!$F$2:$F$501,A10,Pazienti!$E$2:$E$501,"Nuovo") -> 0 | C10: =IFERROR(B10/SUM($B$2:$B$10),0) -> 0
A12: Nota: questi dati hanno senso solo dopo alcune settimane di raccolta — con pochi pazienti il quadro non è ancora rappresentativo.

Sheet Riepilogo mensile
A1: Riepilogo per sede e mese
A3: Mese | B3: Sede | C3: N. sedute | D3: N. pazienti nuovi | E3: Entrate (€)
A4: 46174 | B4: San Donato | C4: =COUNTIFS(Pazienti!$A$2:$A$501,">="&A4,Pazienti!$A$2:$A$501,"<"&EDATE(A4,1),Pazienti!$B$2:$B$501,B4) -> 0 | D4: =COUNTIFS(Pazienti!$A$2:$A$501,">="&A4,Pazienti!$A$2:$A$501,"<"&EDATE(A4,1),Pazienti!$B$2:$B$501,B4,Pazienti!$E$2:$E$501,"Nuovo") -> 0 | E4: =SUMIFS(Pazienti!$D$2:$D$501,Pazienti!$A$2:$A$501,">="&A4,Pazienti!$A$2:$A$501,"<"&EDATE(A4,1),Pazienti!$B$2:$B$501,B4) -> 0
A5: 46174 | B5: Cantù | C5: =COUNTIFS(Pazienti!$A$2:$A$501,">="&A5,Pazienti!$A$2:$A$501,"<"&EDATE(A5,1),Pazienti!$B$2:$B$501,B5) -> 0 | D5: =COUNTIFS(Pazienti!$A$2:$A$501,">="&A5,Pazienti!$A$2:$A$501,"<"&EDATE(A5,1),Pazienti!$B$2:$B$501,B5,Pazienti!$E$2:$E$501,"Nuovo") -> 0 | E5: =SUMIFS(Pazienti!$D$2:$D$501,Pazienti!$A$2:$A$501,">="&A5,Pazienti!$A$2:$A$501,"<"&EDATE(A5,1),Pazienti!$B$2:$B$501,B5) -> 0
A6: 46174 | B6: Giussano | C6: =COUNTIFS(Pazienti!$A$2:$A$501,">="&A6,Pazienti!$A$2:$A$501,"<"&EDATE(A6,1),Pazienti!$B$2:$B$501,B6) -> 0 | D6: =COUNTIFS(Pazienti!$A$2:$A$501,">="&A6,Pazienti!$A$2:$A$501,"<"&EDATE(A6,1),Pazienti!$B$2:$B$501,B6,Pazienti!$E$2:$E$501,"Nuovo") -> 0 | E6: =SUMIFS(Pazienti!$D$2:$D$501,Pazienti!$A$2:$A$501,">="&A6,Pazienti!$A$2:$A$501,"<"&EDATE(A6,1),Pazienti!$B$2:$B$501,B6) -> 0
A7: 46204 | B7: San Donato | C7: =COUNTIFS(Pazienti!$A$2:$A$501,">="&A7,Pazienti!$A$2:$A$501,"<"&EDATE(A7,1),Pazienti!$B$2:$B$501,B7) -> 0 | D7: =COUNTIFS(Pazienti!$A$2:$A$501,">="&A7,Pazienti!$A$2:$A$501,"<"&EDATE(A7,1),Pazienti!$B$2:$B$501,B7,Pazienti!$E$2:$E$501,"Nuovo") -> 0 | E7: =SUMIFS(Pazienti!$D$2:$D$501,Pazienti!$A$2:$A$501,">="&A7,Pazienti!$A$2:$A$501,"<"&EDATE(A7,1),Pazienti!$B$2:$B$501,B7) -> 0
A8: 46204 | B8: Cantù | C8: =COUNTIFS(Pazienti!$A$2:$A$501,">="&A8,Pazienti!$A$2:$A$501,"<"&EDATE(A8,1),Pazienti!$B$2:$B$501,B8) -> 0 | D8: =COUNTIFS(Pazienti!$A$2:$A$501,">="&A8,Pazienti!$A$2:$A$501,"<"&EDATE(A8,1),Pazienti!$B$2:$B$501,B8,Pazienti!$E$2:$E$501,"Nuovo") -> 0 | E8: =SUMIFS(Pazienti!$D$2:$D$501,Pazienti!$A$2:$A$501,">="&A8,Pazienti!$A$2:$A$501,"<"&EDATE(A8,1),Pazienti!$B$2:$B$501,B8) -> 0
A9: 46204 | B9: Giussano | C9: =COUNTIFS(Pazienti!$A$2:$A$501,">="&A9,Pazienti!$A$2:$A$501,"<"&EDATE(A9,1),Pazienti!$B$2:$B$501,B9) -> 0 | D9: =COUNTIFS(Pazienti!$A$2:$A$501,">="&A9,Pazienti!$A$2:$A$501,"<"&EDATE(A9,1),Pazienti!$B$2:$B$501,B9,Pazienti!$E$2:$E$501,"Nuovo") -> 0 | E9: =SUMIFS(Pazienti!$D$2:$D$501,Pazienti!$A$2:$A$501,">="&A9,Pazienti!$A$2:$A$501,"<"&EDATE(A9,1),Pazienti!$B$2:$B$501,B9) -> 0
A10: 46235 | B10: San Donato | C10: =COUNTIFS(Pazienti!$A$2:$A$501,">="&A10,Pazienti!$A$2:$A$501,"<"&EDATE(A10,1),Pazienti!$B$2:$B$501,B10) -> 0 | D10: =COUNTIFS(Pazienti!$A$2:$A$501,">="&A10,Pazienti!$A$2:$A$501,"<"&EDATE(A10,1),Pazienti!$B$2:$B$501,B10,Pazienti!$E$2:$E$501,"Nuovo") -> 0 | E10: =SUMIFS(Pazienti!$D$2:$D$501,Pazienti!$A$2:$A$501,">="&A10,Pazienti!$A$2:$A$501,"<"&EDATE(A10,1),Pazienti!$B$2:$B$501,B10) -> 0
A11: 46235 | B11: Cantù | C11: =COUNTIFS(Pazienti!$A$2:$A$501,">="&A11,Pazienti!$A$2:$A$501,"<"&EDATE(A11,1),Pazienti!$B$2:$B$501,B11) -> 0 | D11: =COUNTIFS(Pazienti!$A$2:$A$501,">="&A11,Pazienti!$A$2:$A$501,"<"&EDATE(A11,1),Pazienti!$B$2:$B$501,B11,Pazienti!$E$2:$E$501,"Nuovo") -> 0 | E11: =SUMIFS(Pazienti!$D$2:$D$501,Pazienti!$A$2:$A$501,">="&A11,Pazienti!$A$2:$A$501,"<"&EDATE(A11,1),Pazienti!$B$2:$B$501,B11) -> 0
A12: 46235 | B12: Giussano | C12: =COUNTIFS(Pazienti!$A$2:$A$501,">="&A12,Pazienti!$A$2:$A$501,"<"&EDATE(A12,1),Pazienti!$B$2:$B$501,B12) -> 0 | D12: =COUNTIFS(Pazienti!$A$2:$A$501,">="&A12,Pazienti!$A$2:$A$501,"<"&EDATE(A12,1),Pazienti!$B$2:$B$501,B12,Pazienti!$E$2:$E$501,"Nuovo") -> 0 | E12: =SUMIFS(Pazienti!$D$2:$D$501,Pazienti!$A$2:$A$501,">="&A12,Pazienti!$A$2:$A$501,"<"&EDATE(A12,1),Pazienti!$B$2:$B$501,B12) -> 0
A13: 46266 | B13: San Donato | C13: =COUNTIFS(Pazienti!$A$2:$A$501,">="&A13,Pazienti!$A$2:$A$501,"<"&EDATE(A13,1),Pazienti!$B$2:$B$501,B13) -> 0 | D13: =COUNTIFS(Pazienti!$A$2:$A$501,">="&A13,Pazienti!$A$2:$A$501,"<"&EDATE(A13,1),Pazienti!$B$2:$B$501,B13,Pazienti!$E$2:$E$501,"Nuovo") -> 0 | E13: =SUMIFS(Pazienti!$D$2:$D$501,Pazienti!$A$2:$A$501,">="&A13,Pazienti!$A$2:$A$501,"<"&EDATE(A13,1),Pazienti!$B$2:$B$501,B13) -> 0
A14: 46266 | B14: Cantù | C14: =COUNTIFS(Pazienti!$A$2:$A$501,">="&A14,Pazienti!$A$2:$A$501,"<"&EDATE(A14,1),Pazienti!$B$2:$B$501,B14) -> 0 | D14: =COUNTIFS(Pazienti!$A$2:$A$501,">="&A14,Pazienti!$A$2:$A$501,"<"&EDATE(A14,1),Pazienti!$B$2:$B$501,B14,Pazienti!$E$2:$E$501,"Nuovo") -> 0 | E14: =SUMIFS(Pazienti!$D$2:$D$501,Pazienti!$A$2:$A$501,">="&A14,Pazienti!$A$2:$A$501,"<"&EDATE(A14,1),Pazienti!$B$2:$B$501,B14) -> 0
A15: 46266 | B15: Giussano | C15: =COUNTIFS(Pazienti!$A$2:$A$501,">="&A15,Pazienti!$A$2:$A$501,"<"&EDATE(A15,1),Pazienti!$B$2:$B$501,B15) -> 0 | D15: =COUNTIFS(Pazienti!$A$2:$A$501,">="&A15,Pazienti!$A$2:$A$501,"<"&EDATE(A15,1),Pazienti!$B$2:$B$501,B15,Pazienti!$E$2:$E$501,"Nuovo") -> 0 | E15: =SUMIFS(Pazienti!$D$2:$D$501,Pazienti!$A$2:$A$501,">="&A15,Pazienti!$A$2:$A$501,"<"&EDATE(A15,1),Pazienti!$B$2:$B$501,B15) -> 0
... A24: 46357 | B24: Giussano | C24: =COUNTIFS(Pazienti!$A$2:$A$501,">="&A24,Pazienti!$A$2:$A$501,"<"&EDATE(A24,1),Pazienti!$B$2:$B$501,B24) -> 0 | D24: =COUNTIFS(Pazienti!$A$2:$A$501,">="&A24,Pazienti!$A$2:$A$501,"<"&EDATE(A24,1),Pazienti!$B$2:$B$501,B24,Pazienti!$E$2:$E$501,"Nuovo") -> 0 | E24: =SUMIFS(Pazienti!$D$2:$D$501,Pazienti!$A$2:$A$501,">="&A24,Pazienti!$A$2:$A$501,"<"&EDATE(A24,1),Pazienti!$B$2:$B$501,B24) -> 0
A26: Totale mensile (tutte le sedi)
A27: Mese | B27: N. sedute | C27: N. pazienti nuovi | D27: Entrate (€)
A28: 46174 | B28: =COUNTIFS(Pazienti!$A$2:$A$501,">="&A28,Pazienti!$A$2:$A$501,"<"&EDATE(A28,1)) -> 0 | C28: =COUNTIFS(Pazienti!$A$2:$A$501,">="&A28,Pazienti!$A$2:$A$501,"<"&EDATE(A28,1),Pazienti!$E$2:$E$501,"Nuovo") -> 0 | D28: =SUMIFS(Pazienti!$D$2:$D$501,Pazienti!$A$2:$A$501,">="&A28,Pazienti!$A$2:$A$501,"<"&EDATE(A28,1)) -> 0
A29: 46204 | B29: =COUNTIFS(Pazienti!$A$2:$A$501,">="&A29,Pazienti!$A$2:$A$501,"<"&EDATE(A29,1)) -> 0 | C29: =COUNTIFS(Pazienti!$A$2:$A$501,">="&A29,Pazienti!$A$2:$A$501,"<"&EDATE(A29,1),Pazienti!$E$2:$E$501,"Nuovo") -> 0 | D29: =SUMIFS(Pazienti!$D$2:$D$501,Pazienti!$A$2:$A$501,">="&A29,Pazienti!$A$2:$A$501,"<"&EDATE(A29,1)) -> 0
A30: 46235 | B30: =COUNTIFS(Pazienti!$A$2:$A$501,">="&A30,Pazienti!$A$2:$A$501,"<"&EDATE(A30,1)) -> 0 | C30: =COUNTIFS(Pazienti!$A$2:$A$501,">="&A30,Pazienti!$A$2:$A$501,"<"&EDATE(A30,1),Pazienti!$E$2:$E$501,"Nuovo") -> 0 | D30: =SUMIFS(Pazienti!$D$2:$D$501,Pazienti!$A$2:$A$501,">="&A30,Pazienti!$A$2:$A$501,"<"&EDATE(A30,1)) -> 0
A31: 46266 | B31: =COUNTIFS(Pazienti!$A$2:$A$501,">="&A31,Pazienti!$A$2:$A$501,"<"&EDATE(A31,1)) -> 0 | C31: =COUNTIFS(Pazienti!$A$2:$A$501,">="&A31,Pazienti!$A$2:$A$501,"<"&EDATE(A31,1),Pazienti!$E$2:$E$501,"Nuovo") -> 0 | D31: =SUMIFS(Pazienti!$D$2:$D$501,Pazienti!$A$2:$A$501,">="&A31,Pazienti!$A$2:$A$501,"<"&EDATE(A31,1)) -> 0
A32: 46296 | B32: =COUNTIFS(Pazienti!$A$2:$A$501,">="&A32,Pazienti!$A$2:$A$501,"<"&EDATE(A32,1)) -> 0 | C32: =COUNTIFS(Pazienti!$A$2:$A$501,">="&A32,Pazienti!$A$2:$A$501,"<"&EDATE(A32,1),Pazienti!$E$2:$E$501,"Nuovo") -> 0 | D32: =SUMIFS(Pazienti!$D$2:$D$501,Pazienti!$A$2:$A$501,">="&A32,Pazienti!$A$2:$A$501,"<"&EDATE(A32,1)) -> 0
A33: 46327 | B33: =COUNTIFS(Pazienti!$A$2:$A$501,">="&A33,Pazienti!$A$2:$A$501,"<"&EDATE(A33,1)) -> 0 | C33: =COUNTIFS(Pazienti!$A$2:$A$501,">="&A33,Pazienti!$A$2:$A$501,"<"&EDATE(A33,1),Pazienti!$E$2:$E$501,"Nuovo") -> 0 | D33: =SUMIFS(Pazienti!$D$2:$D$501,Pazienti!$A$2:$A$501,">="&A33,Pazienti!$A$2:$A$501,"<"&EDATE(A33,1)) -> 0
A34: 46357 | B34: =COUNTIFS(Pazienti!$A$2:$A$501,">="&A34,Pazienti!$A$2:$A$501,"<"&EDATE(A34,1)) -> 0 | C34: =COUNTIFS(Pazienti!$A$2:$A$501,">="&A34,Pazienti!$A$2:$A$501,"<"&EDATE(A34,1),Pazienti!$E$2:$E$501,"Nuovo") -> 0 | D34: =SUMIFS(Pazienti!$D$2:$D$501,Pazienti!$A$2:$A$501,">="&A34,Pazienti!$A$2:$A$501,"<"&EDATE(A34,1)) -> 0

Sheet Capacità San Donato
A1: Occupazione settimanale — San Donato
A2: Slot disponibili: stima 17/settimana con il nuovo orario (Lun/Mar 8-20, Mer e Sab mattina). Verifica e correggi col dato reale da Calendly.
A4: Settimana (inizio lunedì) | B4: Slot disponibili | C4: Slot occupati | D4: % Occupazione | E4: Entrate settimana (€)
A5: 46188 | B5: 17 | D5: =IFERROR(C5/B5,0) -> 0 | E5: =SUMIFS(Pazienti!$D$2:$D$501,Pazienti!$A$2:$A$501,">="&A5,Pazienti!$A$2:$A$501,"<"&(A5+7),Pazienti!$B$2:$B$501,"San Donato") -> 0
A6: 46195 | B6: 17 | D6: =IFERROR(C6/B6,0) -> 0 | E6: =SUMIFS(Pazienti!$D$2:$D$501,Pazienti!$A$2:$A$501,">="&A6,Pazienti!$A$2:$A$501,"<"&(A6+7),Pazienti!$B$2:$B$501,"San Donato") -> 0
A7: 46202 | B7: 17 | D7: =IFERROR(C7/B7,0) -> 0 | E7: =SUMIFS(Pazienti!$D$2:$D$501,Pazienti!$A$2:$A$501,">="&A7,Pazienti!$A$2:$A$501,"<"&(A7+7),Pazienti!$B$2:$B$501,"San Donato") -> 0
A8: 46209 | B8: 17 | D8: =IFERROR(C8/B8,0) -> 0 | E8: =SUMIFS(Pazienti!$D$2:$D$501,Pazienti!$A$2:$A$501,">="&A8,Pazienti!$A$2:$A$501,"<"&(A8+7),Pazienti!$B$2:$B$501,"San Donato") -> 0
A9: 46216 | B9: 17 | D9: =IFERROR(C9/B9,0) -> 0 | E9: =SUMIFS(Pazienti!$D$2:$D$501,Pazienti!$A$2:$A$501,">="&A9,Pazienti!$A$2:$A$501,"<"&(A9+7),Pazienti!$B$2:$B$501,"San Donato") -> 0
A10: 46223 | B10: 17 | D10: =IFERROR(C10/B10,0) -> 0 | E10: =SUMIFS(Pazienti!$D$2:$D$501,Pazienti!$A$2:$A$501,">="&A10,Pazienti!$A$2:$A$501,"<"&(A10+7),Pazienti!$B$2:$B$501,"San Donato") -> 0
A11: 46230 | B11: 17 | D11: =IFERROR(C11/B11,0) -> 0 | E11: =SUMIFS(Pazienti!$D$2:$D$501,Pazienti!$A$2:$A$501,">="&A11,Pazienti!$A$2:$A$501,"<"&(A11+7),Pazienti!$B$2:$B$501,"San Donato") -> 0
A12: 46237 | B12: 17 | D12: =IFERROR(C12/B12,0) -> 0 | E12: =SUMIFS(Pazienti!$D$2:$D$501,Pazienti!$A$2:$A$501,">="&A12,Pazienti!$A$2:$A$501,"<"&(A12+7),Pazienti!$B$2:$B$501,"San Donato") -> 0
A13: 46244 | B13: 17 | D13: =IFERROR(C13/B13,0) -> 0 | E13: =SUMIFS(Pazienti!$D$2:$D$501,Pazienti!$A$2:$A$501,">="&A13,Pazienti!$A$2:$A$501,"<"&(A13+7),Pazienti!$B$2:$B$501,"San Donato") -> 0
A14: 46251 | B14: 17 | D14: =IFERROR(C14/B14,0) -> 0 | E14: =SUMIFS(Pazienti!$D$2:$D$501,Pazienti!$A$2:$A$501,">="&A14,Pazienti!$A$2:$A$501,"<"&(A14+7),Pazienti!$B$2:$B$501,"San Donato") -> 0
A15: 46258 | B15: 17 | D15: =IFERROR(C15/B15,0) -> 0 | E15: =SUMIFS(Pazienti!$D$2:$D$501,Pazienti!$A$2:$A$501,">="&A15,Pazienti!$A$2:$A$501,"<"&(A15+7),Pazienti!$B$2:$B$501,"San Donato") -> 0
A16: 46265 | B16: 17 | D16: =IFERROR(C16/B16,0) -> 0 | E16: =SUMIFS(Pazienti!$D$2:$D$501,Pazienti!$A$2:$A$501,">="&A16,Pazienti!$A$2:$A$501,"<"&(A16+7),Pazienti!$B$2:$B$501,"San Donato") -> 0
... A20: 46293 | B20: 17 | D20: =IFERROR(C20/B20,0) -> 0 | E20: =SUMIFS(Pazienti!$D$2:$D$501,Pazienti!$A$2:$A$501,">="&A20,Pazienti!$A$2:$A$501,"<"&(A20+7),Pazienti!$B$2:$B$501,"San Donato") -> 0

Sheet Routine SEO-GA4
A1: Routine quindicinale — Search Console & GA4
A2: Search Console: query in posizione 8-20 con CTR basso → candidate a riscrivere title/description.
A3: GA4: andamento eventi chiave click_calendly / click_whatsapp / click_telefono.
A4: Recensioni: nuove recensioni Google e relativa fonte (se nota).
A6: Data controllo | B6: Tipo | C6: Voce (query/evento/recensione) | D6: Valore / posizione / note | E6: Azione decisa
